Relevant	Comment	Variant	Patient	Timepoint	Gene	Transcript	Chrom	Pos	Change	Quality	Filters	Depth	Alt Depth	VAF	Zygosity	HGVSc	HGVSp	Impact	Clinical Significance (Pubmed)	Consequences	Sift	Polyphen	MAF	COSMIC	dbSNP	Pubmed	HGMD	Other_Genes
		chr22:41573320 C/-	10090011	3	EP300	NM_001429.3	chr22	41573320	C/-	.	PASS	952	7	0.007352941176470588	unknown	NM_001429.3:c.5608del	NP_001420.2:p.Gln1870SerfsTer36	HIGH		frameshift_variant								
		chr1:226924196 C/T	10090011	3	ITPKB	NM_002221.3	chr1	226924196	C/T	.	PASS	292	8	0.0273972602739726	unknown	NM_002221.3:c.964G>A	NP_002212.3:p.Ala322Thr	MODERATE		missense_variant	tolerated_low_confidence	benign	0.1254		rs3754413			
		chr22:41573320 C/-	10010012	1	EP300	NM_001429.3	chr22	41573320	C/-	.	PASS	3164	15	0.004740834386852086	unknown	NM_001429.3:c.5608del	NP_001420.2:p.Gln1870SerfsTer36	HIGH		frameshift_variant								
		chr22:41573261 C/-	10090011	2	EP300	NM_001429.3	chr22	41573261	C/-	.	PASS	841	10	0.011890606420927468	unknown	NM_001429.3:c.5550del	NP_001420.2:p.Thr1851LeufsTer55	HIGH		frameshift_variant								
		chr8:128750607 G/C	10010012	0	MYC	NM_002467.4	chr8	128750607	G/C	.	PASS	850	7	0.00823529411764706	unknown	NM_002467.4:c.144G>C	NP_002458.2:p.Gln48His	MODERATE		missense_variant	tolerated	benign	4.765e-05		rs61752959			CASC11
		chr16:11001421 C/A	10090011	3	CIITA	NM_001286402.1	chr16	11001421	C/A	.	PASS	478	14	0.029288702928870293	unknown	NM_001286402.1:c.2075C>A	NP_001273331.1:p.Ala692Asp	MODERATE	benign	missense_variant	tolerated	benign	0.1344	COSM7204845	rs78108426	24033266, 28900119		
		chr6:37138617 T/C	10090011	0	PIM1	NM_001243186.1	chr6	37138617	T/C	.	PASS	965	9	0.00932642487046632	unknown	NM_001243186.1:c.424T>C	NP_001230115.1:p.Ser142Pro	MODERATE		missense_variant	deleterious	possibly_damaging						
		chr22:41573261 C/-	10010012	0	EP300	NM_001429.3	chr22	41573261	C/-	.	PASS	2604	12	0.004608294930875576	unknown	NM_001429.3:c.5550del	NP_001420.2:p.Thr1851LeufsTer55	HIGH		frameshift_variant								
